<?xml version="1.0" encoding="utf-8"?>
<modification>
  <name>Google Translate</name>
  <code>Google Translate</code>
  <version>1.0</version>
  <author>https://ocmod.net</author>
  <link>https://ocmod.net</link>
	<file path="catalog/view/theme/*/template/common/header.tpl">
		<operation error="skip">
			<search><![CDATA[
			<?php echo $language; ?>
			]]></search>
			<add position="after"><![CDATA[
			<div class="pull-left">
			<div id="top-links">
			<div id="google_translate_element"></div>
			<script type="text/javascript">
			function googleTranslateElementInit() {
			  new google.translate.TranslateElement({layout: google.translate.TranslateElement.InlineLayout.SIMPLE}, 'google_translate_element');
			}
			</script><script type="text/javascript" src="//translate.google.com/translate_a/element.js?cb=googleTranslateElementInit"></script>
			</div>
			</div>
			]]></add>
		</operation>
	</file>
</modification>